"Country Name","Country Code","Indicator Name","Indicator Code","1960","1961","1962","1963","1964","1965","1966","1967","1968","1969","1970","1971","1972","1973","1974","1975","1976","1977","1978","1979","1980","1981","1982","1983","1984","1985","1986","1987","1988","1989","1990","1991","1992","1993","1994","1995","1996","1997","1998","1999","2000","2001","2002","2003","2004","2005","2006","2007","2008","2009","2010","2011","2012","2013","2014","2015","2016","2017","2018","2019",
"Aruba","ABW","Poverty headcount ratio at $3.20 a day (2011 PPP) (% of population)","SI.POV.LMIC","","","","","","","","","","","","","","","","","","","","","","","","","","","","","","","","","","","","","","","","","","","","","","","","","","","","","","","","","","","","",
"Afghanistan","AFG","Poverty headcount ratio at $3.20 a day (2011 PPP) (% of population)","SI.POV.LMIC","","","","","","","","","","","","","","","","","","","","","","","","","","","","","","","","","","","","","","","","","","","","","","","","","","","","","","","","","","","","",
"Angola","AGO","Poverty headcount ratio at $3.20 a day (2011 PPP) (% of population)","SI.POV.LMIC","","","","","","","","","","","","","","","","","","","","","","","","","","","","","","","","","","","","","","","","","55.6","","","","","","","","55.7","","","","","","","","","","","",
"Albania","ALB","Poverty headcount ratio at $3.20 a day (2011 PPP) (% of population)","SI.POV.LMIC","","","","","","","","","","","","","","","","","","","","","","","","","","","","","","","","","","","","","13.9","","","","","","17","","","10.9","","","6.5","","","","7.7","","","","","","","",
"Andorra","AND","Poverty headcount ratio at $3.20 a day (2011 PPP) (% of population)","SI.POV.LMIC","","","","","","","","","","","","","","","","","","","","","","","","","","","","","","","","","","","","","","","","","","","","","","","","","","","","","","","","","","","","",
"Arab World","ARB","Poverty headcount ratio at $3.20 a day (2011 PPP) (% of population)","SI.POV.LMIC","","","","","","","","","","","","","","","","","","","","","","","","","","","","","","","","","","","","","","","","","","","","","","","","","","","","","","","","","","","","",
"United Arab Emirates","ARE","Poverty headcount ratio at $3.20 a day (2011 PPP) (% of population)","SI.POV.LMIC","","","","","","","","","","","","","","","","","","","","","","","","","","","","","","","","","","","","","","","","","","","","","","","","","","","","","","","","","","","","",
"Argentina","ARG","Poverty headcount ratio at $3.20 a day (2011 PPP) (% of population)","SI.POV.LMIC","","","","","","","","","","","","","","","","","","","","","1.2","","","","","","0","0.9","","","","4.4","4.9","5.8","5.5","8.6","9.5","8.8","10.1","10.7","12.6","17.3","26.2","15.1","11.7","9.5","7.9","6.7","6.3","5.7","5.3","2.4","2.7","2.3","2.6","","2.4","2.4","","",
"Armenia","ARM","Poverty headcount ratio at $3.20 a day (2011 PPP) (% of population)","SI.POV.LMIC","","","","","","","","","","","","","","","","","","","","","","","","","","","","","","","","","","","","","","","","52.5","","55.6","52.3","48","36.3","26.9","22.5","18.7","13.6","19.2","20.5","18.8","17.1","16.2","16.4","13.5","14.1","12.3","","",
"American Samoa","ASM","Poverty headcount ratio at $3.20 a day (2011 PPP) (% of population)","SI.POV.LMIC","","","","","","","","","","","","","","","","","","","","","","","","","","","","","","","","","","","","","","","","","","","","","","","","","","","","","","","","","","","","",
"Antigua and Barbuda","ATG","Poverty headcount ratio at $3.20 a day (2011 PPP) (% of population)","SI.POV.LMIC","","","","","","","","","","","","","","","","","","","","","","","","","","","","","","","","","","","","","","","","","","","","","","","","","","","","","","","","","","","","",
"Australia","AUS","Poverty headcount ratio at $3.20 a day (2011 PPP) (% of population)","SI.POV.LMIC","","","","","","","","","","","","","","","","","","","","","","1.2","","","","1.2","","","","1","","","","","","1.2","","","","","","1","","1.2","0.7","","","","0.5","","0.5","","","","1","","","","","",
"Austria","AUT","Poverty headcount ratio at $3.20 a day (2011 PPP) (% of population)","SI.POV.LMIC","","","","","","","","","","","","","","","","","","","","","","","","","","","","","","","","","","","","","","","","","","","","0.5","0.2","0.2","0.2","0.5","0.5","0.7","0.5","0.5","0.7","0.5","0.2","0.7","","","","",
"Azerbaijan","AZE","Poverty headcount ratio at $3.20 a day (2011 PPP) (% of population)","SI.POV.LMIC","","","","","","","","","","","","","","","","","","","","","","","","","","","","","","","","","","","","26.3","","","","","","17.6","0.6","1","0.2","0","","","","","","","","","","","","","","",
"Burundi","BDI","Poverty headcount ratio at $3.20 a day (2011 PPP) (% of population)","SI.POV.LMIC","","","","","","","","","","","","","","","","","","","","","","","","","","","","","","","","","94.8","","","","","","95.3","","","","","","","","92.9","","","","","","","89.3","","","","","","",
"Belgium","BEL","Poverty headcount ratio at $3.20 a day (2011 PPP) (% of population)","SI.POV.LMIC","","","","","","","","","","","","","","","","","","","","","","","","","","","","","","","","","","","","","","","","","","","","0.5","0.2","0.2","0.2","0.2","0.2","0.2","0.2","0.2","0.2","0.2","0.2","0.2","","","","",
"Benin","BEN","Poverty headcount ratio at $3.20 a day (2011 PPP) (% of population)","SI.POV.LMIC","","","","","","","","","","","","","","","","","","","","","","","","","","","","","","","","","","","","","","","","","","","","78.3","","","","","","","","76.7","","","","76.2","","","","",
"Burkina Faso","BFA","Poverty headcount ratio at $3.20 a day (2011 PPP) (% of population)","SI.POV.LMIC","","","","","","","","","","","","","","","","","","","","","","","","","","","","","","","","","","","92.8","","","","91.3","","","","","80.3","","","","","","81.5","","","","","76.4","","","","","",
"Bangladesh","BGD","Poverty headcount ratio at $3.20 a day (2011 PPP) (% of population)","SI.POV.LMIC","","","","","","","","","","","","","","","","","","","","","","","","76.7","","71.3","","","79.5","","","83.9","","","","75.3","","","","","72.7","","","","","66.3","","","","","60.4","","","","","","52.9","","","",
"Bulgaria","BGR","Poverty headcount ratio at $3.20 a day (2011 PPP) (% of population)","SI.POV.LMIC","","","","","","","","","","","","","","","","","","","","","","","","","","","","","","","","","0","","","","","","","","","","","","","","10.7","4.5","3.2","2.7","4.2","5","5","4.7","3.7","","","","","",
"Bahrain","BHR","Poverty headcount ratio at $3.20 a day (2011 PPP) (% of population)","SI.POV.LMIC","","","","","","","","","","","","","","","","","","","","","","","","","","","","","","","","","","","","","","","","","","","","","","","","","","","","","","","","","","","","",
"Bahamas, The","BHS","Poverty headcount ratio at $3.20 a day (2011 PPP) (% of population)","SI.POV.LMIC","","","","","","","","","","","","","","","","","","","","","","","","","","","","","","","","","","","","","","","","","","","","","","","","","","","","","","","","","","","","",
"Bosnia and Herzegovina","BIH","Poverty headcount ratio at $3.20 a day (2011 PPP) (% of population)","SI.POV.LMIC","","","","","","","","","","","","","","","","","","","","","","","","","","","","","","","","","","","","","","","","","","1","","","0.6","","","0.4","","","","0.8","","","","","","","","",
"Belarus","BLR","Poverty headcount ratio at $3.20 a day (2011 PPP) (% of population)","SI.POV.LMIC","","","","","","","","","","","","","","","","","","","","","","","","","","","","","","","","","","","","","","","39.1","34.5","27.2","15.3","11","9.1","4.5","2.6","1.1","1.1","0.5","0.5","0.2","0.1","0.1","0","0","0","0","0","","",
"Belize","BLZ","Poverty headcount ratio at $3.20 a day (2011 PPP) (% of population)","SI.POV.LMIC","","","","","","","","","","","","","","","","","","","","","","","","","","","","","","","","","","24.8","26.3","","31.6","35.1","33.1","28.1","","","","","","","","","","","","","","","","","","","","",
"Bermuda","BMU","Poverty headcount ratio at $3.20 a day (2011 PPP) (% of population)","SI.POV.LMIC","","","","","","","","","","","","","","","","","","","","","","","","","","","","","","","","","","","","","","","","","","","","","","","","","","","","","","","","","","","","",
"Bolivia","BOL","Poverty headcount ratio at $3.20 a day (2011 PPP) (% of population)","SI.POV.LMIC","","","","","","","","","","","","","","","","","","","","","","","","","","","","","","","23.9","","","","","","","32.1","","38.2","41.4","36.2","38.6","","29.2","32.1","28.6","26.4","20.3","18.4","","14.1","14.7","12.2","12.3","11.7","12.6","11.8","","",
"Brazil","BRA","Poverty headcount ratio at $3.20 a day (2011 PPP) (% of population)","SI.POV.LMIC","","","","","","","","","","","","","","","","","","","","","","39.2","39.1","47.3","46.6","41.5","23.3","33.1","35.8","33.3","38.5","","37.2","36.4","","26.9","27.3","27.8","25.4","27.3","","23.5","22.4","23.5","21.5","19.7","17.1","15.7","13.5","12.5","","10.3","8.7","8.2","6.9","8","9.3","9.6","","",
"Barbados","BRB","Poverty headcount ratio at $3.20 a day (2011 PPP) (% of population)","SI.POV.LMIC","","","","","","","","","","","","","","","","","","","","","","","","","","","","","","","","","","","","","","","","","","","","","","","","","","","","","","","","","","","","",
"Brunei Darussalam","BRN","Poverty headcount ratio at $3.20 a day (2011 PPP) (% of population)","SI.POV.LMIC","","","","","","","","","","","","","","","","","","","","","","","","","","","","","","","","","","","","","","","","","","","","","","","","","","","","","","","","","","","","",
"Bhutan","BTN","Poverty headcount ratio at $3.20 a day (2011 PPP) (% of population)","SI.POV.LMIC","","","","","","","","","","","","","","","","","","","","","","","","","","","","","","","","","","","","","","","","","","","","45.2","","","","30.5","","","","","14.5","","","","","12","","",
"Botswana","BWA","Poverty headcount ratio at $3.20 a day (2011 PPP) (% of population)","SI.POV.LMIC","","","","","","","","","","","","","","","","","","","","","","","","","","63.8","","","","","","","","56","","","","","","","","","50.2","","","","","","","37.1","","","","","","38.5","","","","",
"Central African Republic","CAF","Poverty headcount ratio at $3.20 a day (2011 PPP) (% of population)","SI.POV.LMIC","","","","","","","","","","","","","","","","","","","","","","","","","","","","","","","","","92.3","","","","","","","","","","","85.1","","","","","83.1","","","","","","","","","","","",
"Canada","CAN","Poverty headcount ratio at $3.20 a day (2011 PPP) (% of population)","SI.POV.LMIC","","","","","","","","","","","","","","","","","","","","","","0.7","","","","","","0.2","","","","0.2","","","0.2","","","0.5","0.5","","0.5","","","","0.2","","","0.2","","","0.2","","","0.5","","","","","","",
"Central Europe and the Baltics","CEB","Poverty headcount ratio at $3.20 a day (2011 PPP) (% of population)","SI.POV.LMIC","","","","","","","","","","","","","","","","","","","","","","","","","","","","","","","","","","","","","","","","","","","","","","","","","","","","","","","","","","","","",
"Switzerland","CHE","Poverty headcount ratio at $3.20 a day (2011 PPP) (% of population)","SI.POV.LMIC","","","","","","","","","","","","","","","","","","","","","","","","","","","","","","","","","","","","","","","","","","","","","","","0.2","0","0.2","0","0.2","0","0","0","0","0","","","","",
"Channel Islands","CHI","Poverty headcount ratio at $3.20 a day (2011 PPP) (% of population)","SI.POV.LMIC","","","","","","","","","","","","","","","","","","","","","","","","","","","","","","","","","","","","","","","","","","","","","","","","","","","","","","","","","","","","",
"Chile","CHL","Poverty headcount ratio at $3.20 a day (2011 PPP) (% of population)","SI.POV.LMIC","","","","","","","","","","","","","","","","","","","","","","","","","","","","28.8","","","22.7","","16.7","","15.7","","12.4","","11.4","","12.4","","","11.5","","","7.4","","","6.7","","4.7","","2.6","","3.1","","1.8","","",
"China","CHN","Poverty headcount ratio at $3.20 a day (2011 PPP) (% of population)","SI.POV.LMIC","","","","","","","","","","","","","","","","","","","","","","","","","","","","","","","90","","","83.4","","","72.9","","","68.3","","","57.7","","","43.2","","","34.6","","28.5","23.5","20.2","12.1","9.5","7","","","","",
"Cote d'Ivoire","CIV","Poverty headcount ratio at $3.20 a day (2011 PPP) (% of population)","SI.POV.LMIC","","","","","","","","","","","","","","","","","","","","","","","","","","19.2","18.6","26.2","34.5","","","","49.6","","","49.6","","","55.9","","","","56.5","","","","","","57.1","","","","","","","57.4","","","","",
"Cameroon","CMR","Poverty headcount ratio at $3.20 a day (2011 PPP) (% of population)","SI.POV.LMIC","","","","","","","","","","","","","","","","","","","","","","","","","","","","","","","","","","","","","73.3","","","","","52.7","","","","","","55.7","","","","","","","44.7","","","","","",
"Congo, Dem. Rep.","COD","Poverty headcount ratio at $3.20 a day (2011 PPP) (% of population)","SI.POV.LMIC","","","","","","","","","","","","","","","","","","","","","","","","","","","","","","","","","","","","","","","","","","","","","98.5","","","","","","","","91","","","","","","","",
"Congo, Rep.","COG","Poverty headcount ratio at $3.20 a day (2011 PPP) (% of population)","SI.POV.LMIC","","","","","","","","","","","","","","","","","","","","","","","","","","","","","","","","","","","","","","","","","","","","","","75.2","","","","","","61.3","","","","","","","","",
"Colombia","COL","Poverty headcount ratio at $3.20 a day (2011 PPP) (% of population)","SI.POV.LMIC","","","","","","","","","","","","","","","","","","","","","","","","","","","","","","","","","22.6","","","","32.1","","","36","30.7","36.6","30.3","27.2","26.5","23.4","","","22.4","20.5","18.3","16.3","15.4","14.2","13.1","11.9","11.8","10.8","","",
"Comoros","COM","Poverty headcount ratio at $3.20 a day (2011 PPP) (% of population)","SI.POV.LMIC","","","","","","","","","","","","","","","","","","","","","","","","","","","","","","","","","","","","","","","","","","","","","33.8","","","","","","","","","37.5","","","","","","",
"Cabo Verde","CPV","Poverty headcount ratio at $3.20 a day (2011 PPP) (% of population)","SI.POV.LMIC","","","","","","","","","","","","","","","","","","","","","","","","","","","","","","","","","","","","","","","","","","37.5","","","","","","26.5","","","","","","","","","","","","",
"Costa Rica","CRI","Poverty headcount ratio at $3.20 a day (2011 PPP) (% of population)","SI.POV.LMIC","","","","","","","","","","","","","","","","","","","","","","42.4","","","","","26.7","","","21.8","19.3","23.3","19.7","16.1","13.6","14.1","16.7","13.8","10.8","13.1","13.7","10.6","9.8","9.6","9.1","7.7","7.6","5.2","5.2","5.5","4","4.3","4.2","4","3.8","4","3.8","2.7","","",
"Caribbean small states","CSS","Poverty headcount ratio at $3.20 a day (2011 PPP) (% of population)","SI.POV.LMIC","","","","","","","","","","","","","","","","","","","","","","","","","","","","","","","","","","","","","","","","","","","","","","","","","","","","","","","","","","","","",
"Cuba","CUB","Poverty headcount ratio at $3.20 a day (2011 PPP) (% of population)","SI.POV.LMIC","","","","","","","","","","","","","","","","","","","","","","","","","","","","","","","","","","","","","","","","","","","","","","","","","","","","","","","","","","","","",
"Curacao","CUW","Poverty headcount ratio at $3.20 a day (2011 PPP) (% of population)","SI.POV.LMIC","","","","","","","","","","","","","","","","","","","","","","","","","","","","","","","","","","","","","","","","","","","","","","","","","","","","","","","","","","","","",
"Cayman Islands","CYM","Poverty headcount ratio at $3.20 a day (2011 PPP) (% of population)","SI.POV.LMIC","","","","","","","","","","","","","","","","","","","","","","","","","","","","","","","","","","","","","","","","","","","","","","","","","","","","","","","","","","","","",
"Cyprus","CYP","Poverty headcount ratio at $3.20 a day (2011 PPP) (% of population)","SI.POV.LMIC","","","","","","","","","","","","","","","","","","","","","","","","","","","","","","","","","","","","","","","","","","","","","0","0","0","0","0","0.2","0","0","0","0.2","0.2","0","","","","",
"Czech Republic","CZE","Poverty headcount ratio at $3.20 a day (2011 PPP) (% of population)","SI.POV.LMIC","","","","","","","","","","","","","","","","","","","","","","","","","","","","","","","","","","0","","","0.3","","","","","","","","0","0","0.2","0.2","0.2","0","0.2","0.2","0.2","0","0","0","","","","",
"Germany","DEU","Poverty headcount ratio at $3.20 a day (2011 PPP) (% of population)","SI.POV.LMIC","","","","","","","","","","","","","","","","","","","","","","","","","","","","","","","","0","","","0.170000001788139","0.239999994635582","","","0.25","","0.230000004172325","0","0","0.25","0.219999998807907","0.25","0","0","0.200000002980232","0","0.25","0","","0","","0","","","","",
"Djibouti","DJI","Poverty headcount ratio at $3.20 a day (2011 PPP) (% of population)","SI.POV.LMIC","","","","","","","","","","","","","","","","","","","","","","","","","","","","","","","","","","","","","","","","","","","47.8","","","","","","","","","","38.7","44.6","","","","40.2","","",
"Dominica","DMA","Poverty headcount ratio at $3.20 a day (2011 PPP) (% of population)","SI.POV.LMIC","","","","","","","","","","","","","","","","","","","","","","","","","","","","","","","","","","","","","","","","","","","","","","","","","","","","","","","","","","","","",
"Denmark","DNK","Poverty headcount ratio at $3.20 a day (2011 PPP) (% of population)","SI.POV.LMIC","","","","","","","","","","","","","","","","","","","","","","","","","","","","","","","","","","","","","","","","","","","","0.5","0.2","0.2","0.2","0.2","0.2","0.7","0","0","0","0.4","0.2","0.2","","","","",
"Dominican Republic","DOM","Poverty headcount ratio at $3.20 a day (2011 PPP) (% of population)","SI.POV.LMIC","","","","","","","","","","","","","","","","","","","","","","","","","","","13.5","","","30.8","","","17.7","","","","13.4","12.6","","","12.9","12.3","14","17.1","22.4","16.4","13.7","13.3","13.7","12.2","12","10.4","11.1","10","7.8","6.4","5.9","","","",
"Algeria","DZA","Poverty headcount ratio at $3.20 a day (2011 PPP) (% of population)","SI.POV.LMIC","","","","","","","","","","","","","","","","","","","","","","","","","","","","","24.9","","","","","","","23.9","","","","","","","","","","","","","","","","3.9","","","","","","","","",
"East Asia & Pacific (excluding high income)","EAP","Poverty headcount ratio at $3.20 a day (2011 PPP) (% of population)","SI.POV.LMIC","","","","","","","","","","","","","","","","","","","","","","","","","","","","","","","","","","","","","","","","","","","","","","","","","","","","","","","","","","","","",
"Early-demographic dividend","EAR","Poverty headcount ratio at $3.20 a day (2011 PPP) (% of population)","SI.POV.LMIC","","","","","","","","","","","","","","","","","","","","","","","","","","","","","","","","","","","","","","","","","","","","","","","","","","","","","","","","","","","","",
"East Asia & Pacific","EAS","Poverty headcount ratio at $3.20 a day (2011 PPP) (% of population)","SI.POV.LMIC","","","","","","","","","","","","","","","","","","","","","","93.6","","","90.9","","","86.5","","","85.2","","","79.6","","","70.5","","","67","","","57.1","","","45.2","","","37.6","","30.6","26.5","23.7","17.5","","12.4","","","","",
"Europe & Central Asia (excluding high income)","ECA","Poverty headcount ratio at $3.20 a day (2011 PPP) (% of population)","SI.POV.LMIC","","","","","","","","","","","","","","","","","","","","","","","","","","","","","","","","","","","","","","","","","","","","","","","","","","","","","","","","","","","","",
"Europe & Central Asia","ECS","Poverty headcount ratio at $3.20 a day (2011 PPP) (% of population)","SI.POV.LMIC","","","","","","","","","","","","","","","","","","","","","","","","","","","","","","","","","","15.5","","","19.4","","","21.2","","","15.2","","","11.8","","","7.5","","7","6.6","6.3","5.7","","5.4","","","","",
"Ecuador","ECU","Poverty headcount ratio at $3.20 a day (2011 PPP) (% of population)","SI.POV.LMIC","","","","","","","","","","","","","","","","","","","","","","","","","","","","32.4","","","","","","","34.7","","","","35.7","40.2","49.9","","","30.1","31.9","25.7","19.8","19.2","18.1","17.2","14.7","12.2","11.4","10.1","8.6","9.4","9.4","8.7","","",
"Egypt, Arab Rep.","EGY","Poverty headcount ratio at $3.20 a day (2011 PPP) (% of population)","SI.POV.LMIC","","","","","","","","","","","","","","","","","","","","","","","","","","","","","","","37.9","","","","","38.6","","","","24.1","","","","","32.6","","","","30.7","","21.4","","16.8","","","16.1","","","","",
"Euro area","EMU","Poverty headcount ratio at $3.20 a day (2011 PPP) (% of population)","SI.POV.LMIC","","","","","","","","","","","","","","","","","","","","","","","","","","","","","","","","","","","","","","","","","","","","","","","","","","","","","","","","","","","","",
"Eritrea","ERI","Poverty headcount ratio at $3.20 a day (2011 PPP) (% of population)","SI.POV.LMIC","","","","","","","","","","","","","","","","","","","","","","","","","","","","","","","","","","","","","","","","","","","","","","","","","","","","","","","","","","","","",
"Spain","ESP","Poverty headcount ratio at $3.20 a day (2011 PPP) (% of population)","SI.POV.LMIC","","","","","","","","","","","","","","","","","","","","","","","","","","","","","","","","","","","","","","","","","","","","1.2","1.2","1","1.2","0.7","1","1","1","1.7","1.5","1.7","1.5","1.5","","","","",
"Estonia","EST","Poverty headcount ratio at $3.20 a day (2011 PPP) (% of population)","SI.POV.LMIC","","","","","","","","","","","","","","","","","","","","","","","","","","","","","","","","","","6.4","","","","","","","","","","5.2","3","2","1.5","0.7","1","1.2","1.7","1.7","1.5","1.5","1.2","1","","","","",
"Ethiopia","ETH","Poverty headcount ratio at $3.20 a day (2011 PPP) (% of population)","SI.POV.LMIC","","","","","","","","","","","","","","","","","","","","","","","","","","","","","","","","","","","","89.6","","","","90.4","","","","","78.7","","","","","","73.1","","","","","68.9","","","","",
"European Union","EUU","Poverty headcount ratio at $3.20 a day (2011 PPP) (% of population)","SI.POV.LMIC","","","","","","","","","","","","","","","","","","","","","","","","","","","","","","","","","","","","","","","","","","","","","","","","","","","","","","","","","","","","",
"Fragile and conflict affected situations","FCS","Poverty headcount ratio at $3.20 a day (2011 PPP) (% of population)","SI.POV.LMIC","","","","","","","","","","","","","","","","","","","","","","68.6","","","71","","","70.7","","","70.2","","","74.5","","","72.8","","","68.4","","","67.8","","","65.5","","","61.5","","58.6","58.6","57","56.1","","56.4","","","","",
"Finland","FIN","Poverty headcount ratio at $3.20 a day (2011 PPP) (% of population)","SI.POV.LMIC","","","","","","","","","","","","","","","","","","","","","","","","","","","","","","","","","","","","","","","","","","","","0","0","0","0","0","0","0","0","0","0","0","0","0","","","","",
"Fiji","FJI","Poverty headcount ratio at $3.20 a day (2011 PPP) (% of population)","SI.POV.LMIC","","","","","","","","","","","","","","","","","","","","","","","","","","","","","","","","","","","","","","","","","","","21.8","","","","","","17","","","","","14.1","","","","","","",
"France","FRA","Poverty headcount ratio at $3.20 a day (2011 PPP) (% of population)","SI.POV.LMIC","","","","","","","","","","","","","","","","","","","","","","","","","","","","","","","","","","","","","","","","","","","","0.2","0","0","0","0","0","0.2","0.2","0","0","0","0","0.2","","","","",
"Faroe Islands","FRO","Poverty headcount ratio at $3.20 a day (2011 PPP) (% of population)","SI.POV.LMIC","","","","","","","","","","","","","","","","","","","","","","","","","","","","","","","","","","","","","","","","","","","","","","","","","","","","","","","","","","","","",
"Micronesia, Fed. Sts.","FSM","Poverty headcount ratio at $3.20 a day (2011 PPP) (% of population)","SI.POV.LMIC","","","","","","","","","","","","","","","","","","","","","","","","","","","","","","","","","","","","","","","","","","","","","","24.6","","","","","","","","38.7","","","","","","",
"Gabon","GAB","Poverty headcount ratio at $3.20 a day (2011 PPP) (% of population)","SI.POV.LMIC","","","","","","","","","","","","","","","","","","","","","","","","","","","","","","","","","","","","","","","","","","","","","","25.8","","","","","","","","","","","","11.2","","",
"United Kingdom","GBR","Poverty headcount ratio at $3.20 a day (2011 PPP) (% of population)","SI.POV.LMIC","","","","","","","","","","","","","","","","","","","","","","","","","","","","","","","","","","","","","","","","","","","","","0.5","0.7","0.2","0.5","0.5","0.2","0.2","0.5","0.2","0.2","0.2","0.2","","","","",
"Georgia","GEO","Poverty headcount ratio at $3.20 a day (2011 PPP) (% of population)","SI.POV.LMIC","","","","","","","","","","","","","","","","","","","","","","","","","","","","","","","","","","","","","16.9","36.1","34.9","41.8","44.8","46.9","30.4","30.7","28.2","30.5","30.5","32.9","29.3","29.3","31.1","28.9","25.8","21.1","18","16.1","16.4","16.3","","",
"Ghana","GHA","Poverty headcount ratio at $3.20 a day (2011 PPP) (% of population)","SI.POV.LMIC","","","","","","","","","","","","","","","","","","","","","","","","","","","","75.6","74.8","","","78.6","","","","","","","63.3","","","","","","","50.1","","","","","","","32.5","","","","30.5","","","",
"Gibraltar","GIB","Poverty headcount ratio at $3.20 a day (2011 PPP) (% of population)","SI.POV.LMIC","","","","","","","","","","","","","","","","","","","","","","","","","","","","","","","","","","","","","","","","","","","","","","","","","","","","","","","","","","","","",
"Guinea","GIN","Poverty headcount ratio at $3.20 a day (2011 PPP) (% of population)","SI.POV.LMIC","","","","","","","","","","","","","","","","","","","","","","","","","","","","","","","","98.5","","","73.4","","","","","","","","84.2","","","","","82.3","","","","","70.3","","","","","","","",
"Gambia, The","GMB","Poverty headcount ratio at $3.20 a day (2011 PPP) (% of population)","SI.POV.LMIC","","","","","","","","","","","","","","","","","","","","","","","","","","","","","","","","","","","","","","","86.8","","","","","69.6","","","","","","","53","","","","","37.8","","","","",
"Guinea-Bissau","GNB","Poverty headcount ratio at $3.20 a day (2011 PPP) (% of population)","SI.POV.LMIC","","","","","","","","","","","","","","","","","","","","","","","","","","","","","","","","62.3","","86.1","","","","","","","","","82.6","","","","","","","","84.5","","","","","","","","","",
"Equatorial Guinea","GNQ","Poverty headcount ratio at $3.20 a day (2011 PPP) (% of population)","SI.POV.LMIC","","","","","","","","","","","","","","","","","","","","","","","","","","","","","","","","","","","","","","","","","","","","","","","","","","","","","","","","","","","","",
"Greece","GRC","Poverty headcount ratio at $3.20 a day (2011 PPP) (% of population)","SI.POV.LMIC","","","","","","","","","","","","","","","","","","","","","","","","","","","","","","","","","","","","","","","","","","","","0.7","1","0.5","1","0.7","0.5","0.7","1.2","2","3","2.7","3","2.7","","","","",
"Grenada","GRD","Poverty headcount ratio at $3.20 a day (2011 PPP) (% of population)","SI.POV.LMIC","","","","","","","","","","","","","","","","","","","","","","","","","","","","","","","","","","","","","","","","","","","","","","","","","","","","","","","","","","","","",
"Greenland","GRL","Poverty headcount ratio at $3.20 a day (2011 PPP) (% of population)","SI.POV.LMIC","","","","","","","","","","","","","","","","","","","","","","","","","","","","","","","","","","","","","","","","","","","","","","","","","","","","","","","","","","","","",
"Guatemala","GTM","Poverty headcount ratio at $3.20 a day (2011 PPP) (% of population)","SI.POV.LMIC","","","","","","","","","","","","","","","","","","","","","","","","","","","68.7","","","54","","","","","","","","","28.1","","22.1","","","","","","24.2","","","","","","","","24.2","","","","","",
"Guam","GUM","Poverty headcount ratio at $3.20 a day (2011 PPP) (% of population)","SI.POV.LMIC","","","","","","","","","","","","","","","","","","","","","","","","","","","","","","","","","","","","","","","","","","","","","","","","","","","","","","","","","","","","",
"Guyana","GUY","Poverty headcount ratio at $3.20 a day (2011 PPP) (% of population)","SI.POV.LMIC","","","","","","","","","","","","","","","","","","","","","","","","","","","","","","","","","61.2","","","","","","29.5","","","","","","","","","","","","","","","","","","","","","",
"High income","HIC","Poverty headcount ratio at $3.20 a day (2011 PPP) (% of population)","SI.POV.LMIC","","","","","","","","","","","","","","","","","","","","","","1.5","","","1.5","","","1.3","","","1.2","","","1.3","","","1.8","","","1.1","","","1.1","","","1","","","0.8","","0.9","0.9","0.9","0.9","","0.9","","","","",
"Hong Kong SAR, China","HKG","Poverty headcount ratio at $3.20 a day (2011 PPP) (% of population)","SI.POV.LMIC","","","","","","","","","","","","","","","","","","","","","","","","","","","","","","","","","","","","","","","","","","","","","","","","","","","","","","","","","","","","",
"Honduras","HND","Poverty headcount ratio at $3.20 a day (2011 PPP) (% of population)","SI.POV.LMIC","","","","","","","","","","","","","","","","","","","","","","","","","","","","","","62","64.3","56.3","52.3","45.9","46.2","48.5","50.7","40.2","42","43.2","","35.5","40","45","44.2","41.4","36.6","31.9","30.3","27.3","29.4","31.7","36.1","32.9","31.8","32.2","30","31.6","","",
"Heavily indebted poor countries (HIPC)","HPC","Poverty headcount ratio at $3.20 a day (2011 PPP) (% of population)","SI.POV.LMIC","","","","","","","","","","","","","","","","","","","","","","","","","","","","","","","","","","","","","","","","","","","","","","","","","","","","","","","","","","","","",
"Croatia","HRV","Poverty headcount ratio at $3.20 a day (2011 PPP) (% of population)","SI.POV.LMIC","","","","","","","","","","","","","","","","","","","","","","","","","","","","","0.1","","","","","","","","","","","","","","","","","","","","","1.7","2.2","2","2.5","2.2","1.9","1.2","","","","",
"Haiti","HTI","Poverty headcount ratio at $3.20 a day (2011 PPP) (% of population)","SI.POV.LMIC","","","","","","","","","","","","","","","","","","","","","","","","","","","","","","","","","","","","","","","","","","","","","","","","","","","","","50.8","","","","","","","",
"Hungary","HUN","Poverty headcount ratio at $3.20 a day (2011 PPP) (% of population)","SI.POV.LMIC","","","","","","","","","","","","","","","","","","","","","","","","","","","","0.1","","0.5","","","","0.4","","","","","","","","","","","0.2","1.2","0.2","0.2","0.2","0.2","0.2","0.2","0.7","0.7","1","1","","","","",
"IBRD only","IBD","Poverty headcount ratio at $3.20 a day (2011 PPP) (% of population)","SI.POV.LMIC","","","","","","","","","","","","","","","","","","","","","","","","","","","","","","","","","","","","","","","","","","","","","","","","","","","","","","","","","","","","",
"IDA & IBRD total","IBT","Poverty headcount ratio at $3.20 a day (2011 PPP) (% of population)","SI.POV.LMIC","","","","","","","","","","","","","","","","","","","","","","","","","","","","","","","","","","","","","","","","","","","","","","","","","","","","","","","","","","","","",
"IDA total","IDA","Poverty headcount ratio at $3.20 a day (2011 PPP) (% of population)","SI.POV.LMIC","","","","","","","","","","","","","","","","","","","","","","74.7","","","76.7","","","76.9","","","77.5","","","78.6","","","76","","","76.2","","","75.8","","","70.8","","","67","","64.6","63.5","61.8","60.8","","59.3","","","","",
"IDA blend","IDB","Poverty headcount ratio at $3.20 a day (2011 PPP) (% of population)","SI.POV.LMIC","","","","","","","","","","","","","","","","","","","","","","","","","","","","","","","","","","","","","","","","","","","","","","","","","","","","","","","","","","","","",
"Indonesia","IDN","Poverty headcount ratio at $3.20 a day (2011 PPP) (% of population)","SI.POV.LMIC","","","","","","","","","","","","","","","","","","","","","","","","","91.7","","","92.7","","","87","","","86.6","","","79.7","","90.2","80.1","79.9","77.6","65","62.7","62.9","61.3","65.7","58.4","57.3","54.7","48.1","45.1","43.3","40.8","37.9","33.1","31","27.3","","",
"IDA only","IDX","Poverty headcount ratio at $3.20 a day (2011 PPP) (% of population)","SI.POV.LMIC","","","","","","","","","","","","","","","","","","","","","","","","","","","","","","","","","","","","","","","","","","","","","","","","","","","","","","","","","","","","",
"Isle of Man","IMN","Poverty headcount ratio at $3.20 a day (2011 PPP) (% of population)","SI.POV.LMIC","","","","","","","","","","","","","","","","","","","","","","","","","","","","","","","","","","","","","","","","","","","","","","","","","","","","","","","","","","","","",
"India","IND","Poverty headcount ratio at $3.20 a day (2011 PPP) (% of population)","SI.POV.LMIC","","","","","","","","","","","","","","","","","","88.1","","","","","","85.5","","","","82.8","","","","","","81.1","","","","","","","","","","","75.2","","","","","69.9","","60.4","","","","","","","","",
"Not classified","INX","Poverty headcount ratio at $3.20 a day (2011 PPP) (% of population)","SI.POV.LMIC","","","","","","","","","","","","","","","","","","","","","","","","","","","","","","","","","","","","","","","","","","","","","","","","","","","","","","","","","","","","",
"Ireland","IRL","Poverty headcount ratio at $3.20 a day (2011 PPP) (% of population)","SI.POV.LMIC","","","","","","","","","","","","","","","","","","","","","","","","","","","","","","","","","","","","","","","","","","","","0.2","0","0","0.5","0.2","0.2","0.7","0.7","0.7","0.5","0.7","0.5","0.5","","","","",
"Iran, Islamic Rep.","IRN","Poverty headcount ratio at $3.20 a day (2011 PPP) (% of population)","SI.POV.LMIC","","","","","","","","","","","","","","","","","","","","","","","","","","","20.4","","","","18.7","","","","15","","","","13.3","","","","","","","3.2","3.2","","","3.8","","","","1.2","2.5","2.4","2.5","","","",
"Iraq","IRQ","Poverty headcount ratio at $3.20 a day (2011 PPP) (% of population)","SI.POV.LMIC","","","","","","","","","","","","","","","","","","","","","","","","","","","","","","","","","","","","","","","","","","","","","","","19.6","","","","","","17.9","","","","","","","",
"Iceland","ISL","Poverty headcount ratio at $3.20 a day (2011 PPP) (% of population)","SI.POV.LMIC","","","","","","","","","","","","","","","","","","","","","","","","","","","","","","","","","","","","","","","","","","","","0","0.2","0","0.2","0.2","0","0.2","0.2","0.2","0","0","0","","","","","",
"Israel","ISR","Poverty headcount ratio at $3.20 a day (2011 PPP) (% of population)","SI.POV.LMIC","","","","","","","","","","","","","","","","","","","","0.8","","","","","","","0.7","","","","","","0.2","","","","","0.7","","","","0.5","","","","1.2","","1","","","1","","0.9","","1","","0.7","","","",
"Italy","ITA","Poverty headcount ratio at $3.20 a day (2011 PPP) (% of population)","SI.POV.LMIC","","","","","","","","","","","","","","","","","","","","","","","","","","","","","","","","","","","","","","","","","","","","1","1","1","1","1","1","1.2","1.7","1.5","1.7","2","1.7","2.5","","","","",
"Jamaica","JAM","Poverty headcount ratio at $3.20 a day (2011 PPP) (% of population)","SI.POV.LMIC","","","","","","","","","","","","","","","","","","","","","","","","","","","","","20.5","","20.7","","","31.2","","","14.3","","","10.3","","","11.5","","9.1","","","","","","","","","","","","","","","",
"Jordan","JOR","Poverty headcount ratio at $3.20 a day (2011 PPP) (% of population)","SI.POV.LMIC","","","","","","","","","","","","","","","","","","","","","","","","","","","2.9","","","","","","17.2","","","","","13.9","","","","","8.9","","","","4.1","","3","","2.1","","","","","","","","","",
"Japan","JPN","Poverty headcount ratio at $3.20 a day (2011 PPP) (% of population)","SI.POV.LMIC","","","","","","","","","","","","","","","","","","","","","","","","","","","","","","","","","","","","","","","","","","","","","","","","","0.5","","","","","","","","","","","",
"Kazakhstan","KAZ","Poverty headcount ratio at $3.20 a day (2011 PPP) (% of population)","SI.POV.LMIC","","","","","","","","","","","","","","","","","","","","","","","","","","","","","","","","","","","","","24.6","","","","","32.3","27.9","22.8","16.5","24.2","6","2.9","2.2","2.6","1.9","0.7","0.5","0.3","0.3","0.4","0.7","0.4","","",
"Kenya","KEN","Poverty headcount ratio at $3.20 a day (2011 PPP) (% of population)","SI.POV.LMIC","","","","","","","","","","","","","","","","","","","","","","","","","","","","","","","","","54.2","","60.6","","","59.5","","","","","","","","69.2","","","","","","","","","","66.2","","","","",
"Kyrgyz Republic","KGZ","Poverty headcount ratio at $3.20 a day (2011 PPP) (% of population)","SI.POV.LMIC","","","","","","","","","","","","","","","","","","","","","","","","","","","","","","","","","","","","","","","53.1","","77.6","72.8","71.7","69.1","46.7","51.7","39","36","25","21","23.2","21.4","21.6","26.3","19.7","23.4","19.1","19.6","","",
"Cambodia","KHM","Poverty headcount ratio at $3.20 a day (2011 PPP) (% of population)","SI.POV.LMIC","","","","","","","","","","","","","","","","","","","","","","","","","","","","","","","","","","","","","","","","","","","","","","","","","","","","","","","","","","","","",
"Kiribati","KIR","Poverty headcount ratio at $3.20 a day (2011 PPP) (% of population)","SI.POV.LMIC","","","","","","","","","","","","","","","","","","","","","","","","","","","","","","","","","","","","","","","","","","","","","","","34.6","","","","","","","","","","","","","",
"St. Kitts and Nevis","KNA","Poverty headcount ratio at $3.20 a day (2011 PPP) (% of population)","SI.POV.LMIC","","","","","","","","","","","","","","","","","","","","","","","","","","","","","","","","","","","","","","","","","","","","","","","","","","","","","","","","","","","","",
"Korea, Rep.","KOR","Poverty headcount ratio at $3.20 a day (2011 PPP) (% of population)","SI.POV.LMIC","","","","","","","","","","","","","","","","","","","","","","","","","","","","","","","","","","","","","","","","","","","","","","","0.5","","0.5","","0.7","","0.5","","","","","","","",
"Kuwait","KWT","Poverty headcount ratio at $3.20 a day (2011 PPP) (% of population)","SI.POV.LMIC","","","","","","","","","","","","","","","","","","","","","","","","","","","","","","","","","","","","","","","","","","","","","","","","","","","","","","","","","","","","",
"Latin America & Caribbean (excluding high income)","LAC","Poverty headcount ratio at $3.20 a day (2011 PPP) (% of population)","SI.POV.LMIC","","","","","","","","","","","","","","","","","","","","","","","","","","","","","","","","","","","","","","","","","","","","","","","","","","","","","","","","","","","","",
"Lao PDR","LAO","Poverty headcount ratio at $3.20 a day (2011 PPP) (% of population)","SI.POV.LMIC","","","","","","","","","","","","","","","","","","","","","","","","","","","","","","","","","68.4","","","","","82.5","","","","","72.1","","","","","65.4","","","","","58.7","","","","","","","",
"Lebanon","LBN","Poverty headcount ratio at $3.20 a day (2011 PPP) (% of population)","SI.POV.LMIC","","","","","","","","","","","","","","","","","","","","","","","","","","","","","","","","","","","","","","","","","","","","","","","","","","","","0.1","","","","","","","","",
"Liberia","LBR","Poverty headcount ratio at $3.20 a day (2011 PPP) (% of population)","SI.POV.LMIC","","","","","","","","","","","","","","","","","","","","","","","","","","","","","","","","","","","","","","","","","","","","","","","","90.4","","","","","","","73.8","","72.6","","","",
"Libya","LBY","Poverty headcount ratio at $3.20 a day (2011 PPP) (% of population)","SI.POV.LMIC","","","","","","","","","","","","","","","","","","","","","","","","","","","","","","","","","","","","","","","","","","","","","","","","","","","","","","","","","","","","",
"St. Lucia","LCA","Poverty headcount ratio at $3.20 a day (2011 PPP) (% of population)","SI.POV.LMIC","","","","","","","","","","","","","","","","","","","","","","","","","","","","","","","","","","","","63.5","","","","","","","","","","","","","","","","","","","","","10.6","","","",
"Latin America & Caribbean","LCN","Poverty headcount ratio at $3.20 a day (2011 PPP) (% of population)","SI.POV.LMIC","","","","","","","","","","","","","","","","","","","","","","27.1","","","31.8","","","27.3","","","29","","","28.2","","","27.6","","","27","","","24.8","","","21.3","","","15.7","","14.2","13.1","11.9","11.4","","10.6","","","","",
"Least developed countries: UN classification","LDC","Poverty headcount ratio at $3.20 a day (2011 PPP) (% of population)","SI.POV.LMIC","","","","","","","","","","","","","","","","","","","","","","","","","","","","","","","","","","","","","","","","","","","","","","","","","","","","","","","","","","","","",
"Low income","LIC","Poverty headcount ratio at $3.20 a day (2011 PPP) (% of population)","SI.POV.LMIC","","","","","","","","","","","","","","","","","","","","","","79.1","","","80.3","","","80.8","","","81.8","","","84.5","","","83.8","","","83.8","","","82.4","","","78.6","","","75.7","","73.8","73.7","72.8","72.4","","72.9","","","","",
"Liechtenstein","LIE","Poverty headcount ratio at $3.20 a day (2011 PPP) (% of population)","SI.POV.LMIC","","","","","","","","","","","","","","","","","","","","","","","","","","","","","","","","","","","","","","","","","","","","","","","","","","","","","","","","","","","","",
"Sri Lanka","LKA","Poverty headcount ratio at $3.20 a day (2011 PPP) (% of population)","SI.POV.LMIC","","","","","","","","","","","","","","","","","","","","","","","","","","45.4","","","","","43.1","","","","","41.5","","","","","","","36","","","","23.6","","","18.3","","","16.1","","","","10.1","","","",
"Lower middle income","LMC","Poverty headcount ratio at $3.20 a day (2011 PPP) (% of population)","SI.POV.LMIC","","","","","","","","","","","","","","","","","","","","","","77.5","","","77.2","","","76.4","","","74.6","","","74.5","","","71.9","","","71.3","","","68.9","","","65.1","","","61.3","","56.5","52.8","50.8","48.5","","44","","","","",
"Low & middle income","LMY","Poverty headcount ratio at $3.20 a day (2011 PPP) (% of population)","SI.POV.LMIC","","","","","","","","","","","","","","","","","","","","","","71.6","","","70.9","","","68.4","","","67.9","","","66.7","","","62.8","","","61.3","","","56.8","","","50.6","","","45.9","","42","39","37.2","34.3","","31.3","","","","",
"Lesotho","LSO","Poverty headcount ratio at $3.20 a day (2011 PPP) (% of population)","SI.POV.LMIC","","","","","","","","","","","","","","","","","","","","","","","","","","","68.9","","","","","","","","64.3","","","","","","","","79.9","","","","","","","","78.1","","","","","","","","","",
"Late-demographic dividend","LTE","Poverty headcount ratio at $3.20 a day (2011 PPP) (% of population)","SI.POV.LMIC","","","","","","","","","","","","","","","","","","","","","","","","","","","","","","","","","","","","","","","","","","","","","","","","","","","","","","","","","","","","",
"Lithuania","LTU","Poverty headcount ratio at $3.20 a day (2011 PPP) (% of population)","SI.POV.LMIC","","","","","","","","","","","","","","","","","","","","","","","","","","","","","","","","","","30.7","","","","","","","","","","","7.5","4.5","2.7","2","2.2","4.2","3.2","1.7","2","2","2.7","1.5","","","","",
"Luxembourg","LUX","Poverty headcount ratio at $3.20 a day (2011 PPP) (% of population)","SI.POV.LMIC","","","","","","","","","","","","","","","","","","","","","","","","","","","","","","","","","","","","","","","","","","","","0.2","0","0","0","0","0","0","0","0","0.2","0.1","0.2","0.5","","","","",
"Latvia","LVA","Poverty headcount ratio at $3.20 a day (2011 PPP) (% of population)","SI.POV.LMIC","","","","","","","","","","","","","","","","","","","","","","","","","","","","","","","","","","2.8","","5.7","7.1","","","","","","","","5.5","5","2.7","1.5","2.5","3.7","3.7","3","2.7","2.5","1.7","1.5","","","","",
"Macao SAR, China","MAC","Poverty headcount ratio at $3.20 a day (2011 PPP) (% of population)","SI.POV.LMIC","","","","","","","","","","","","","","","","","","","","","","","","","","","","","","","","","","","","","","","","","","","","","","","","","","","","","","","","","","","","",
"St. Martin (French part)","MAF","Poverty headcount ratio at $3.20 a day (2011 PPP) (% of population)","SI.POV.LMIC","","","","","","","","","","","","","","","","","","","","","","","","","","","","","","","","","","","","","","","","","","","","","","","","","","","","","","","","","","","","",
"Morocco","MAR","Poverty headcount ratio at $3.20 a day (2011 PPP) (% of population)","SI.POV.LMIC","","","","","","","","","","","","","","","","","","","","","","","","","32.9","","","","","","19.3","","","","","","","","28.2","","27.8","","","","","","17","","","","","","","7.7","","","","","","",
"Monaco","MCO","Poverty headcount ratio at $3.20 a day (2011 PPP) (% of population)","SI.POV.LMIC","","","","","","","","","","","","","","","","","","","","","","","","","","","","","","","","","","","","","","","","","","","","","","","","","","","","","","","","","","","","",
"Moldova","MDA","Poverty headcount ratio at $3.20 a day (2011 PPP) (% of population)","SI.POV.LMIC","","","","","","","","","","","","","","","","","","","","","","","","","","","","","","","","","","","","","","43.3","57.1","69.5","68.4","59.6","44","32","32.5","40.3","12.6","7.8","9.1","8.1","6","4.3","3.4","2.2","1.1","1.4","1.3","1.1","","",
"Madagascar","MDG","Poverty headcount ratio at $3.20 a day (2011 PPP) (% of population)","SI.POV.LMIC","","","","","","","","","","","","","","","","","","","","","71.4","","","","","","","","","","","","","88.7","","","","87.3","","86.4","","84.9","","","","89.2","","","","","91.3","","91","","","","","","","",
"Maldives","MDV","Poverty headcount ratio at $3.20 a day (2011 PPP) (% of population)","SI.POV.LMIC","","","","","","","","","","","","","","","","","","","","","","","","","","","","","","","","","","","","","","","","","","","39.2","","","","","","","24.4","","","","","","","","","","",
"Middle East & North Africa","MEA","Poverty headcount ratio at $3.20 a day (2011 PPP) (% of population)","SI.POV.LMIC","","","","","","","","","","","","","","","","","","","","","","","","","32.1","","","30.8","","","26.8","","","29.6","","","28.9","","","21.5","","","20.1","","","18.9","","","16.8","","13.7","13.5","13.2","13.2","","15.6","","","","",
"Mexico","MEX","Poverty headcount ratio at $3.20 a day (2011 PPP) (% of population)","SI.POV.LMIC","","","","","","","","","","","","","","","","","","","","","","","","","","","","","","19.2","","","23.3","","23.7","","39.1","","31","","21.4","","19","","16","16.1","13.1","","14.5","","12.8","","12.2","","12","","7.9","","","",
"Marshall Islands","MHL","Poverty headcount ratio at $3.20 a day (2011 PPP) (% of population)","SI.POV.LMIC","","","","","","","","","","","","","","","","","","","","","","","","","","","","","","","","","","","","","","","","","","","","","","","","","","","","","","","","","","","","",
"Middle income","MIC","Poverty headcount ratio at $3.20 a day (2011 PPP) (% of population)","SI.POV.LMIC","","","","","","","","","","","","","","","","","","","","","","","","","","","","","","","","","","","","","","","","","","","","","","","","","","","","","","","","","","","","",
"North Macedonia","MKD","Poverty headcount ratio at $3.20 a day (2011 PPP) (% of population)","SI.POV.LMIC","","","","","","","","","","","","","","","","","","","","","","","","","","","","","","","","","","","","","","","","","","","","","","","","","","17.9","17.8","15.3","13.6","11.4","9.5","9.7","","","","",
"Mali","MLI","Poverty headcount ratio at $3.20 a day (2011 PPP) (% of population)","SI.POV.LMIC","","","","","","","","","","","","","","","","","","","","","","","","","","","","","","","","","","","93.4","","","","","","","80.5","","","","","77.6","","","79.3","","","","","","","","","","",
"Malta","MLT","Poverty headcount ratio at $3.20 a day (2011 PPP) (% of population)","SI.POV.LMIC","","","","","","","","","","","","","","","","","","","","","","","","","","","","","","","","","","","","","","","","","","","","","","","0.5","0.5","0.2","0.5","0.2","0.2","0.2","0","0","0.2","","","","",
"Myanmar","MMR","Poverty headcount ratio at $3.20 a day (2011 PPP) (% of population)","SI.POV.LMIC","","","","","","","","","","","","","","","","","","","","","","","","","","","","","","","","","","","","","","","","","","","","","","","","","","","","","","","","29.5","","","","",
"Middle East & North Africa (excluding high income)","MNA","Poverty headcount ratio at $3.20 a day (2011 PPP) (% of population)","SI.POV.LMIC","","","","","","","","","","","","","","","","","","","","","","","","","","","","","","","","","","","","","","","","","","","","","","","","","","","","","","","","","","","","",
"Montenegro","MNE","Poverty headcount ratio at $3.20 a day (2011 PPP) (% of population)","SI.POV.LMIC","","","","","","","","","","","","","","","","","","","","","","","","","","","","","","","","","","","","","","","","","","","","","","1.6","1.2","0.6","0.5","0.6","0.8","1","2.1","2.5","0.8","","","","","",
"Mongolia","MNG","Poverty headcount ratio at $3.20 a day (2011 PPP) (% of population)","SI.POV.LMIC","","","","","","","","","","","","","","","","","","","","","","","","","","","","","","","","","","","","36.9","","","60.5","","","","33.6","","","","","12.2","","","10.1","7","4.5","","3.2","","6.9","","","",
"Northern Mariana Islands","MNP","Poverty headcount ratio at $3.20 a day (2011 PPP) (% of population)","SI.POV.LMIC","","","","","","","","","","","","","","","","","","","","","","","","","","","","","","","","","","","","","","","","","","","","","","","","","","","","","","","","","","","","",
"Mozambique","MOZ","Poverty headcount ratio at $3.20 a day (2011 PPP) (% of population)","SI.POV.LMIC","","","","","","","","","","","","","","","","","","","","","","","","","","","","","","","","","","","","","91.8","","","","","","92.5","","","","","","88.7","","","","","","81.5","","","","","",
"Mauritania","MRT","Poverty headcount ratio at $3.20 a day (2011 PPP) (% of population)","SI.POV.LMIC","","","","","","","","","","","","","","","","","","","","","","","","","","","","65.7","","","","","","69.6","","49.7","","","","","45.5","","","","42.5","","","","34.3","","","","","","24.1","","","","","",
"Mauritius","MUS","Poverty headcount ratio at $3.20 a day (2011 PPP) (% of population)","SI.POV.LMIC","","","","","","","","","","","","","","","","","","","","","","","","","","","","","","","","","","","","","","","","","","","","","","","3.5","","","","","","3","","","","","","","",
"Malawi","MWI","Poverty headcount ratio at $3.20 a day (2011 PPP) (% of population)","SI.POV.LMIC","","","","","","","","","","","","","","","","","","","","","","","","","","","","","","","","","","","","","","84.8","","","","","","","90.6","","","","","","89.1","","","","","","89.4","","","",
"Malaysia","MYS","Poverty headcount ratio at $3.20 a day (2011 PPP) (% of population)","SI.POV.LMIC","","","","","","","","","","","","","","","","","","","","","","","","","12.9","","","12.7","","11.7","","","11.8","","","11.5","","7.3","","","","","","","2.6","","","3.4","4.2","","","1.2","","0.4","","0.2","","","","",
"North America","NAC","Poverty headcount ratio at $3.20 a day (2011 PPP) (% of population)","SI.POV.LMIC","","","","","","","","","","","","","","","","","","","","","","","","","","","","","","","","","","","","","","","","","","","","","","","","","","","","","","","","","","","","",
"Namibia","NAM","Poverty headcount ratio at $3.20 a day (2011 PPP) (% of population)","SI.POV.LMIC","","","","","","","","","","","","","","","","","","","","","","","","","","","","","","","","","","","","","","","","","","","","56.1","","","","","","47","","","","","","29.6","","","","",
"New Caledonia","NCL","Poverty headcount ratio at $3.20 a day (2011 PPP) (% of population)","SI.POV.LMIC","","","","","","","","","","","","","","","","","","","","","","","","","","","","","","","","","","","","","","","","","","","","","","","","","","","","","","","","","","","","",
"Niger","NER","Poverty headcount ratio at $3.20 a day (2011 PPP) (% of population)","SI.POV.LMIC","","","","","","","","","","","","","","","","","","","","","","","","","","","","","","","","","93.9","","93.8","","","","","","","","","","","90.7","","90.5","","","","83.3","","","76.9","","","","","",
"Nigeria","NGA","Poverty headcount ratio at $3.20 a day (2011 PPP) (% of population)","SI.POV.LMIC","","","","","","","","","","","","","","","","","","","","","","","","","","78.5","","","","","","","77.1","","","","82","","","","","","","79.9","","","","","","77.6","","","","","","","","","","",
"Nicaragua","NIC","Poverty headcount ratio at $3.20 a day (2011 PPP) (% of population)","SI.POV.LMIC","","","","","","","","","","","","","","","","","","","","","","","","","","","","","","","","","","56.6","","","","","45.9","","","37.7","","","","27.1","","","","22.4","","","","","12.8","","","","","",
"Netherlands","NLD","Poverty headcount ratio at $3.20 a day (2011 PPP) (% of population)","SI.POV.LMIC","","","","","","","","","","","","","","","","","","","","","","","","","","","","","","","","","","","","","","","","","","","","","0.5","0.2","0","0","0.2","0.2","0","0.2","0","0.2","0.2","0.2","","","","",
"Norway","NOR","Poverty headcount ratio at $3.20 a day (2011 PPP) (% of population)","SI.POV.LMIC","","","","","","","","","","","","","","","","","","","","","","","","","","","","","","","","","","","","","","","","","","","","0.2","0.2","0.2","0.2","0.2","0.2","0.2","0.2","0.2","0.2","0.2","0.2","0.2","","","","",
"Nepal","NPL","Poverty headcount ratio at $3.20 a day (2011 PPP) (% of population)","SI.POV.LMIC","","","","","","","","","","","","","","","","","","","","","","","","","","","","","","","","","","","","86.6","","","","","","","","75.5","","","","","","","50.8","","","","","","","","","",
"Nauru","NRU","Poverty headcount ratio at $3.20 a day (2011 PPP) (% of population)","SI.POV.LMIC","","","","","","","","","","","","","","","","","","","","","","","","","","","","","","","","","","","","","","","","","","","","","","","","","","","","","","","","","","","","",
"New Zealand","NZL","Poverty headcount ratio at $3.20 a day (2011 PPP) (% of population)","SI.POV.LMIC","","","","","","","","","","","","","","","","","","","","","","","","","","","","","","","","","","","","","","","","","","","","","","","","","","","","","","","","","","","","",
"OECD members","OED","Poverty headcount ratio at $3.20 a day (2011 PPP) (% of population)","SI.POV.LMIC","","","","","","","","","","","","","","","","","","","","","","","","","","","","","","","","","","","","","","","","","","","","","","","","","","","","","","","","","","","","",
"Oman","OMN","Poverty headcount ratio at $3.20 a day (2011 PPP) (% of population)","SI.POV.LMIC","","","","","","","","","","","","","","","","","","","","","","","","","","","","","","","","","","","","","","","","","","","","","","","","","","","","","","","","","","","","",
"Other small states","OSS","Poverty headcount ratio at $3.20 a day (2011 PPP) (% of population)","SI.POV.LMIC","","","","","","","","","","","","","","","","","","","","","","","","","","","","","","","","","","","","","","","","","","","","","","","","","","","","","","","","","","","","",
"Pakistan","PAK","Poverty headcount ratio at $3.20 a day (2011 PPP) (% of population)","SI.POV.LMIC","","","","","","","","","","","","","","","","","","","","","","","","","","","","87.9","","","87.2","","","","","","63.4","","66","","","72.4","","","60.4","59.4","","55.4","","","47.8","46.4","","39.7","","34.7","","","","",
"Panama","PAN","Poverty headcount ratio at $3.20 a day (2011 PPP) (% of population)","SI.POV.LMIC","","","","","","","","","","","","","","","","","","","","21","","","","","","","","","","34.4","","31.4","","","","24.7","","23.3","23.9","21.2","20.2","24.9","21.6","20.7","19.7","18.7","19","16.5","11.8","9.5","10.7","8.6","10","8.1","8.3","6.7","7","6.3","","",
"Peru","PER","Poverty headcount ratio at $3.20 a day (2011 PPP) (% of population)","SI.POV.LMIC","","","","","","","","","","","","","","","","","","","","","","","","","","","","","","","","","","","","","","32.8","31.6","32.8","30.5","32.8","29.4","27.6","28.4","30.7","26.8","23","19.4","17.1","14.8","13.3","12.2","11.4","10.6","10.3","10","9.8","","",
"Philippines","PHL","Poverty headcount ratio at $3.20 a day (2011 PPP) (% of population)","SI.POV.LMIC","","","","","","","","","","","","","","","","","","","","","","","","","","","","","","","","","","","","","","","","","38.1","","","36.3","","","38.4","","","34.2","","","33.5","","","26","","","","",
"Palau","PLW","Poverty headcount ratio at $3.20 a day (2011 PPP) (% of population)","SI.POV.LMIC","","","","","","","","","","","","","","","","","","","","","","","","","","","","","","","","","","","","","","","","","","","","","","","","","","","","","","","","","","","","",
"Papua New Guinea","PNG","Poverty headcount ratio at $3.20 a day (2011 PPP) (% of population)","SI.POV.LMIC","","","","","","","","","","","","","","","","","","","","","","","","","","","","","","","","","","","","","70.8","","","","","","","","","","","","","65.6","","","","","","","","","","",
"Poland","POL","Poverty headcount ratio at $3.20 a day (2011 PPP) (% of population)","SI.POV.LMIC","","","","","","","","","","","","","","","","","","","","","","","","","","0.6","","0.5","","0.2","","","","","","","","","","","","","","","4.7","2.5","1.7","1.2","0.7","1","1","0.7","0.7","1","1","0.7","","","","",
"Pre-demographic dividend","PRE","Poverty headcount ratio at $3.20 a day (2011 PPP) (% of population)","SI.POV.LMIC","","","","","","","","","","","","","","","","","","","","","","","","","","","","","","","","","","","","","","","","","","","","","","","","","","","","","","","","","","","","",
"Puerto Rico","PRI","Poverty headcount ratio at $3.20 a day (2011 PPP) (% of population)","SI.POV.LMIC","","","","","","","","","","","","","","","","","","","","","","","","","","","","","","","","","","","","","","","","","","","","","","","","","","","","","","","","","","","","",
"Korea, Dem. People’s Rep.","PRK","Poverty headcount ratio at $3.20 a day (2011 PPP) (% of population)","SI.POV.LMIC","","","","","","","","","","","","","","","","","","","","","","","","","","","","","","","","","","","","","","","","","","","","","","","","","","","","","","","","","","","","",
"Portugal","PRT","Poverty headcount ratio at $3.20 a day (2011 PPP) (% of population)","SI.POV.LMIC","","","","","","","","","","","","","","","","","","","","","","","","","","","","","","","","","","","","","","","","","","","","1.5","1","1","0.5","0.7","1","0.5","0.5","0.9","1.5","1.7","1.5","1.2","","","","",
"Paraguay","PRY","Poverty headcount ratio at $3.20 a day (2011 PPP) (% of population)","SI.POV.LMIC","","","","","","","","","","","","","","","","","","","","","","","","","","","","","","","4.7","","","","","23.1","","20.1","","20.1","","18.3","27","19.6","17","14.7","19.4","16.5","14","14.4","13.3","12.7","9.9","6.7","7.5","6.9","7","5.6","","",
"West Bank and Gaza","PSE","Poverty headcount ratio at $3.20 a day (2011 PPP) (% of population)","SI.POV.LMIC","","","","","","","","","","","","","","","","","","","","","","","","","","","","","","","","","","","","","","","","","","","","","5.5","5.7","4.3","7.8","","3.1","3.7","3.4","","","","","5","","","",
"Pacific island small states","PSS","Poverty headcount ratio at $3.20 a day (2011 PPP) (% of population)","SI.POV.LMIC","","","","","","","","","","","","","","","","","","","","","","","","","","","","","","","","","","","","","","","","","","","","","","","","","","","","","","","","","","","","",
"Post-demographic dividend","PST","Poverty headcount ratio at $3.20 a day (2011 PPP) (% of population)","SI.POV.LMIC","","","","","","","","","","","","","","","","","","","","","","","","","","","","","","","","","","","","","","","","","","","","","","","","","","","","","","","","","","","","",
"French Polynesia","PYF","Poverty headcount ratio at $3.20 a day (2011 PPP) (% of population)","SI.POV.LMIC","","","","","","","","","","","","","","","","","","","","","","","","","","","","","","","","","","","","","","","","","","","","","","","","","","","","","","","","","","","","",
"Qatar","QAT","Poverty headcount ratio at $3.20 a day (2011 PPP) (% of population)","SI.POV.LMIC","","","","","","","","","","","","","","","","","","","","","","","","","","","","","","","","","","","","","","","","","","","","","","","","","","","","","","","","","","","","",
"Romania","ROU","Poverty headcount ratio at $3.20 a day (2011 PPP) (% of population)","SI.POV.LMIC","","","","","","","","","","","","","","","","","","","","","","","","","","","","","","0.7","","","2.8","","42.2","","","","","","","","","","","","19","14.7","11.2","10.5","11.9","13.7","14.2","16","14.9","13.2","","","","",
"Russian Federation","RUS","Poverty headcount ratio at $3.20 a day (2011 PPP) (% of population)","SI.POV.LMIC","","","","","","","","","","","","","","","","","","","","","","","","","","","","","","","","","","10.8","","","11.3","5.6","7.9","13.3","10","6.6","4.7","4.8","4.1","3.2","2.2","1.3","0.5","0.5","0.5","0.3","0.3","0.3","0.2","0.3","","","","",
"Rwanda","RWA","Poverty headcount ratio at $3.20 a day (2011 PPP) (% of population)","SI.POV.LMIC","","","","","","","","","","","","","","","","","","","","","","","","","89.7","","","","","","","","","","","","","","","","90.2","","","","","85.1","","","","","83.6","","","81.4","","","79.7","","","",
"South Asia","SAS","Poverty headcount ratio at $3.20 a day (2011 PPP) (% of population)","SI.POV.LMIC","","","","","","","","","","","","","","","","","","","","","","85.5","","","84.3","","","82.9","","","81.7","","","80.4","","","77.2","","","","","","75.5","","","71.5","","","67.9","","63.9","58.9","56.6","53.9","","","","","","",
"Saudi Arabia","SAU","Poverty headcount ratio at $3.20 a day (2011 PPP) (% of population)","SI.POV.LMIC","","","","","","","","","","","","","","","","","","","","","","","","","","","","","","","","","","","","","","","","","","","","","","","","","","","","","","","","","","","","",
"Sudan","SDN","Poverty headcount ratio at $3.20 a day (2011 PPP) (% of population)","SI.POV.LMIC","","","","","","","","","","","","","","","","","","","","","","","","","","","","","","","","","","","","","","","","","","","","","","","","","","40.5","","","","","","","","","","",
"Senegal","SEN","Poverty headcount ratio at $3.20 a day (2011 PPP) (% of population)","SI.POV.LMIC","","","","","","","","","","","","","","","","","","","","","","","","","","","","","","","","84.2","","","82.9","","","","","","","76.1","","","","67.3","","","","","","67.5","","","","","","","","",
"Singapore","SGP","Poverty headcount ratio at $3.20 a day (2011 PPP) (% of population)","SI.POV.LMIC","","","","","","","","","","","","","","","","","","","","","","","","","","","","","","","","","","","","","","","","","","","","","","","","","","","","","","","","","","","","",
"Solomon Islands","SLB","Poverty headcount ratio at $3.20 a day (2011 PPP) (% of population)","SI.POV.LMIC","","","","","","","","","","","","","","","","","","","","","","","","","","","","","","","","","","","","","","","","","","","","","","70.6","","","","","","","","58.8","","","","","","",
"Sierra Leone","SLE","Poverty headcount ratio at $3.20 a day (2011 PPP) (% of population)","SI.POV.LMIC","","","","","","","","","","","","","","","","","","","","","","","","","","","","","","80.4","","","","","","","","","","","","","","83","","","","","","","","81.3","","","","","","","","",
"El Salvador","SLV","Poverty headcount ratio at $3.20 a day (2011 PPP) (% of population)","SI.POV.LMIC","","","","","","","","","","","","","","","","","","","","","","","","","","","","","","30.9","","36.5","","","","27.3","28.9","","32.6","28.7","24","25.7","25.9","26.8","22.5","22.8","18.8","14.9","19.6","18.5","17.9","16.2","14.4","12.4","12.2","9.9","10.3","8.5","","",
"San Marino","SMR","Poverty headcount ratio at $3.20 a day (2011 PPP) (% of population)","SI.POV.LMIC","","","","","","","","","","","","","","","","","","","","","","","","","","","","","","","","","","","","","","","","","","","","","","","","","","","","","","","","","","","","",
"Somalia","SOM","Poverty headcount ratio at $3.20 a day (2011 PPP) (% of population)","SI.POV.LMIC","","","","","","","","","","","","","","","","","","","","","","","","","","","","","","","","","","","","","","","","","","","","","","","","","","","","","","","","","","","","",
"Serbia","SRB","Poverty headcount ratio at $3.20 a day (2011 PPP) (% of population)","SI.POV.LMIC","","","","","","","","","","","","","","","","","","","","","","","","","","","","","","","","","","","","","","","","","","","","","","","","","","","","","10.5","13","10.7","11","","","","",
"Sub-Saharan Africa (excluding high income)","SSA","Poverty headcount ratio at $3.20 a day (2011 PPP) (% of population)","SI.POV.LMIC","","","","","","","","","","","","","","","","","","","","","","","","","","","","","","","","","","","","","","","","","","","","","","","","","","","","","","","","","","","","",
"South Sudan","SSD","Poverty headcount ratio at $3.20 a day (2011 PPP) (% of population)","SI.POV.LMIC","","","","","","","","","","","","","","","","","","","","","","","","","","","","","","","","","","","","","","","","","","","","","","","","","","64.8","","","","","","","","","","",
"Sub-Saharan Africa","SSF","Poverty headcount ratio at $3.20 a day (2011 PPP) (% of population)","SI.POV.LMIC","","","","","","","","","","","","","","","","","","","","","","","","","","","","","","","75.2","","","78.8","","","78.4","","","78.6","","","77.5","","","74.9","","","72.3","","71.2","70.1","69","68.1","","67","","","","",
"Small states","SST","Poverty headcount ratio at $3.20 a day (2011 PPP) (% of population)","SI.POV.LMIC","","","","","","","","","","","","","","","","","","","","","","","","","","","","","","","","","","","","","","","","","","","","","","","","","","","","","","","","","","","","",
"Sao Tome and Principe","STP","Poverty headcount ratio at $3.20 a day (2011 PPP) (% of population)","SI.POV.LMIC","","","","","","","","","","","","","","","","","","","","","","","","","","","","","","","","","","","","","","","","","64.2","","","","","","","","","","70.1","","","","","","","","","",
"Suriname","SUR","Poverty headcount ratio at $3.20 a day (2011 PPP) (% of population)","SI.POV.LMIC","","","","","","","","","","","","","","","","","","","","","","","","","","","","","","","","","","","","","","","","42.8","","","","","","","","","","","","","","","","","","","","",
"Slovak Republic","SVK","Poverty headcount ratio at $3.20 a day (2011 PPP) (% of population)","SI.POV.LMIC","","","","","","","","","","","","","","","","","","","","","","","","","","","","","","","","","","","","","2.1","","","","","","","","0.7","0.5","0.7","0.9","0.7","1","1","0.7","0.7","0.7","1.2","1","","","","",
"Slovenia","SVN","Poverty headcount ratio at $3.20 a day (2011 PPP) (% of population)","SI.POV.LMIC","","","","","","","","","","","","","","","","","","","","","","","","","","","","","","","","","","0.1","","","","","","","","","","","0.2","0.2","0","0","0","0","0","0","0","0","0","0","","","","",
"Sweden","SWE","Poverty headcount ratio at $3.20 a day (2011 PPP) (% of population)","SI.POV.LMIC","","","","","","","","","","","","","","","","","","","","","","","","","","","","","","","","","","","","","","","","","","","","0.5","0.5","1.2","0.5","0.5","0.7","0.7","0.7","0.7","0.5","0.7","0.7","0.7","","","","",
"Eswatini","SWZ","Poverty headcount ratio at $3.20 a day (2011 PPP) (% of population)","SI.POV.LMIC","","","","","","","","","","","","","","","","","","","","","","","","","","","","","","","","","","","91.9","","","","","","71.4","","","","","","","","","64.4","","","","","","","","","","",
"Sint Maarten (Dutch part)","SXM","Poverty headcount ratio at $3.20 a day (2011 PPP) (% of population)","SI.POV.LMIC","","","","","","","","","","","","","","","","","","","","","","","","","","","","","","","","","","","","","","","","","","","","","","","","","","","","","","","","","","","","",
"Seychelles","SYC","Poverty headcount ratio at $3.20 a day (2011 PPP) (% of population)","SI.POV.LMIC","","","","","","","","","","","","","","","","","","","","","","","","","","","","","","","","","","","","","","","","","","","","","","","","","","","","","","2.5","","","","","","",
"Syrian Arab Republic","SYR","Poverty headcount ratio at $3.20 a day (2011 PPP) (% of population)","SI.POV.LMIC","","","","","","","","","","","","","","","","","","","","","","","","","","","","","","","","","","","","","","","","","","","","","15.3","","","","","","","","","","","","","","","",
"Turks and Caicos Islands","TCA","Poverty headcount ratio at $3.20 a day (2011 PPP) (% of population)","SI.POV.LMIC","","","","","","","","","","","","","","","","","","","","","","","","","","","","","","","","","","","","","","","","","","","","","","","","","","","","","","","","","","","","",
"Chad","TCD","Poverty headcount ratio at $3.20 a day (2011 PPP) (% of population)","SI.POV.LMIC","","","","","","","","","","","","","","","","","","","","","","","","","","","","","","","","","","","","","","","","","","","","85.6","","","","","","","","66.5","","","","","","","","",
"East Asia & Pacific (IDA & IBRD countries)","TEA","Poverty headcount ratio at $3.20 a day (2011 PPP) (% of population)","SI.POV.LMIC","","","","","","","","","","","","","","","","","","","","","","","","","","","","","","","","","","","","","","","","","","","","","","","","","","","","","","","","","","","","",
"Europe & Central Asia (IDA & IBRD countries)","TEC","Poverty headcount ratio at $3.20 a day (2011 PPP) (% of population)","SI.POV.LMIC","","","","","","","","","","","","","","","","","","","","","","","","","","","","","","","","","","","","","","","","","","","","","","","","","","","","","","","","","","","","",
"Togo","TGO","Poverty headcount ratio at $3.20 a day (2011 PPP) (% of population)","SI.POV.LMIC","","","","","","","","","","","","","","","","","","","","","","","","","","","","","","","","","","","","","","","","","","","","","","","77.7","","","","","75.4","","","","73.2","","","","",
"Thailand","THA","Poverty headcount ratio at $3.20 a day (2011 PPP) (% of population)","SI.POV.LMIC","","","","","","","","","","","","","","","","","","","","","","43.1","","","","","","","40","","36.2","","29.1","","19.5","","15.2","","14.6","18.4","18.6","","12.1","","9","","6.2","4.4","3.4","3","2.5","1.4","1.5","1.1","0.9","0.5","0.6","0.5","","",
"Tajikistan","TJK","Poverty headcount ratio at $3.20 a day (2011 PPP) (% of population)","SI.POV.LMIC","","","","","","","","","","","","","","","","","","","","","","","","","","","","","","","","","","","","","","","","87.1","","","","66.8","47.9","","","34.7","","25.7","","","","","","20.3","","","","",
"Turkmenistan","TKM","Poverty headcount ratio at $3.20 a day (2011 PPP) (% of population)","SI.POV.LMIC","","","","","","","","","","","","","","","","","","","","","","","","","","","","","","","","","","","","","","","77.8","","","","","","","","","","","","","","","","","","","","","",
"Latin America & the Caribbean (IDA & IBRD countries)","TLA","Poverty headcount ratio at $3.20 a day (2011 PPP) (% of population)","SI.POV.LMIC","","","","","","","","","","","","","","","","","","","","","","","","","","","","","","","","","","","","","","","","","","","","","","","","","","","","","","","","","","","","",
"Timor-Leste","TLS","Poverty headcount ratio at $3.20 a day (2011 PPP) (% of population)","SI.POV.LMIC","","","","","","","","","","","","","","","","","","","","","","","","","","","","","","","","","","","","","","","","","","75.7","","","","","","83.1","","","","","","","73.3","","","","","",
"Middle East & North Africa (IDA & IBRD countries)","TMN","Poverty headcount ratio at $3.20 a day (2011 PPP) (% of population)","SI.POV.LMIC","","","","","","","","","","","","","","","","","","","","","","","","","","","","","","","","","","","","","","","","","","","","","","","","","","","","","","","","","","","","",
"Tonga","TON","Poverty headcount ratio at $3.20 a day (2011 PPP) (% of population)","SI.POV.LMIC","","","","","","","","","","","","","","","","","","","","","","","","","","","","","","","","","","","","","","","","","","8.4","","","","","","","","8.9","","","","","","7.5","","","","",
"South Asia (IDA & IBRD)","TSA","Poverty headcount ratio at $3.20 a day (2011 PPP) (% of population)","SI.POV.LMIC","","","","","","","","","","","","","","","","","","","","","","","","","","","","","","","","","","","","","","","","","","","","","","","","","","","","","","","","","","","","",
"Sub-Saharan Africa (IDA & IBRD countries)","TSS","Poverty headcount ratio at $3.20 a day (2011 PPP) (% of population)","SI.POV.LMIC","","","","","","","","","","","","","","","","","","","","","","","","","","","","","","","","","","","","","","","","","","","","","","","","","","","","","","","","","","","","",
"Trinidad and Tobago","TTO","Poverty headcount ratio at $3.20 a day (2011 PPP) (% of population)","SI.POV.LMIC","","","","","","","","","","","","","","","","","","","","","","","","","","","","","8.3","","","","13.1","","","","","","","","","","","","","","","","","","","","","","","","","","","",
"Tunisia","TUN","Poverty headcount ratio at $3.20 a day (2011 PPP) (% of population)","SI.POV.LMIC","","","","","","","","","","","","","","","","","","","","","","","","","","37.8","","","","","30.4","","","","","31.5","","","","","22.8","","","","","15.1","","","","","9.1","","","","","3.2","","","","",
"Turkey","TUR","Poverty headcount ratio at $3.20 a day (2011 PPP) (% of population)","SI.POV.LMIC","","","","","","","","","","","","","","","","","","","","","","","","","","","","14.1","","","","","","","15.1","","","","","","","","13","15.1","10.2","10","8.3","6.7","6","5","4.5","4.1","3.4","2.9","2.4","2.7","1.8","","","",
"Tuvalu","TUV","Poverty headcount ratio at $3.20 a day (2011 PPP) (% of population)","SI.POV.LMIC","","","","","","","","","","","","","","","","","","","","","","","","","","","","","","","","","","","","","","","","","","","","","","","","","","","17.6","","","","","","","","","",
"Tanzania","TZA","Poverty headcount ratio at $3.20 a day (2011 PPP) (% of population)","SI.POV.LMIC","","","","","","","","","","","","","","","","","","","","","","","","","","","","","","","","91.4","","","","","","","","","96.2","","","","","","","83.6","","","","79","","","","","","","","",
"Uganda","UGA","Poverty headcount ratio at $3.20 a day (2011 PPP) (% of population)","SI.POV.LMIC","","","","","","","","","","","","","","","","","","","","","","","","","","","","","","80.6","","","86.8","","","","85.7","","","87","","","84.8","","","80","","","","73","","","67.4","","","","69.9","","","",
"Ukraine","UKR","Poverty headcount ratio at $3.20 a day (2011 PPP) (% of population)","SI.POV.LMIC","","","","","","","","","","","","","","","","","","","","","","","","","","","","","","","","","12.7","9.6","","20.3","22.8","","","","","","11.9","7","5.7","2.6","1.6","1.3","0.4","0.7","0.3","0.2","0.2","0.1","0.1","0.5","0.5","","","",
"Upper middle income","UMC","Poverty headcount ratio at $3.20 a day (2011 PPP) (% of population)","SI.POV.LMIC","","","","","","","","","","","","","","","","","","","","","","65.5","","","64.2","","","59.6","","","59.8","","","56.8","","","50.8","","","47.9","","","40.3","","","30.7","","","23.8","","19.9","16.8","14.8","10.2","","7.4","","","","",
"Uruguay","URY","Poverty headcount ratio at $3.20 a day (2011 PPP) (% of population)","SI.POV.LMIC","","","","","","","","","","","","","","","","","","","","","","3.3","","","","","","","","2.7","","","","","","","","","","","","","","","","","3.7","2.9","1.8","1.8","1.3","1","1.1","0.8","0.7","0.6","0.5","0.4","","",
"United States","USA","Poverty headcount ratio at $3.20 a day (2011 PPP) (% of population)","SI.POV.LMIC","","","","","","","","","","","","","","","","","","","","0.7","","","","","","","0.7","","","","","0.7","","","1","","","1","","","1","","","","1.2","","","1.2","","","1.2","","","1.2","","","1.5","","","",
"Uzbekistan","UZB","Poverty headcount ratio at $3.20 a day (2011 PPP) (% of population)","SI.POV.LMIC","","","","","","","","","","","","","","","","","","","","","","","","","","","","","","","","","","","","","","","65.5","","86.7","","85.9","86.4","","","","","","","","","","","","","","","","",
"St. Vincent and the Grenadines","VCT","Poverty headcount ratio at $3.20 a day (2011 PPP) (% of population)","SI.POV.LMIC","","","","","","","","","","","","","","","","","","","","","","","","","","","","","","","","","","","","","","","","","","","","","","","","","","","","","","","","","","","","",
"Venezuela, RB","VEN","Poverty headcount ratio at $3.20 a day (2011 PPP) (% of population)","SI.POV.LMIC","","","","","","","","","","","","","","","","","","","","","","17.1","","","","","","18.7","","13.4","","","11.3","","","22.9","","","24.7","25.3","","23.5","32.9","39.6","34.2","29","17.8","","","","","","","","","","","","","",
"British Virgin Islands","VGB","Poverty headcount ratio at $3.20 a day (2011 PPP) (% of population)","SI.POV.LMIC","","","","","","","","","","","","","","","","","","","","","","","","","","","","","","","","","","","","","","","","","","","","","","","","","","","","","","","","","","","","",
"Virgin Islands (U.S.)","VIR","Poverty headcount ratio at $3.20 a day (2011 PPP) (% of population)","SI.POV.LMIC","","","","","","","","","","","","","","","","","","","","","","","","","","","","","","","","","","","","","","","","","","","","","","","","","","","","","","","","","","","","",
"Vietnam","VNM","Poverty headcount ratio at $3.20 a day (2011 PPP) (% of population)","SI.POV.LMIC","","","","","","","","","","","","","","","","","","","","","","","","","","","","","","","","","80","","","","","","71.2","","","","70.8","","60","","51.3","","46.7","","17.3","","13.4","","11.4","","8.4","","","",
"Vanuatu","VUT","Poverty headcount ratio at $3.20 a day (2011 PPP) (% of population)","SI.POV.LMIC","","","","","","","","","","","","","","","","","","","","","","","","","","","","","","","","","","","","","","","","","","","","","","","","","","","39.2","","","","","","","","","",
"World","WLD","Poverty headcount ratio at $3.20 a day (2011 PPP) (% of population)","SI.POV.LMIC","","","","","","","","","","","","","","","","","","","","","","56.9","","","56.9","","","55.3","","","55.2","","","54.6","","","51.7","","","50.6","","","47.1","","","42.2","","","38.3","","35.2","32.7","31.3","28.8","","26.3","","","","",
"Samoa","WSM","Poverty headcount ratio at $3.20 a day (2011 PPP) (% of population)","SI.POV.LMIC","","","","","","","","","","","","","","","","","","","","","","","","","","","","","","","","","","","","","","","","","","","11.9","","","","","","9.7","","","","","9.6","","","","","","",
"Kosovo","XKX","Poverty headcount ratio at $3.20 a day (2011 PPP) (% of population)","SI.POV.LMIC","","","","","","","","","","","","","","","","","","","","","","","","","","","","","","","","","","","","","","","","","","","","15.3","","17.3","16.5","","","13.3","13.5","9.6","5.4","3.1","4.3","2.9","3.1","2.6","","",
"Yemen, Rep.","YEM","Poverty headcount ratio at $3.20 a day (2011 PPP) (% of population)","SI.POV.LMIC","","","","","","","","","","","","","","","","","","","","","","","","","","","","","","","","","","","","","","","27.9","","","","","","","38.8","","","","","","","","","52.2","","","","","",
"South Africa","ZAF","Poverty headcount ratio at $3.20 a day (2011 PPP) (% of population)","SI.POV.LMIC","","","","","","","","","","","","","","","","","","","","","","","","","","","","","","","","","","50.1","","","56","","","","53.4","","","","","48.6","","","37","","35.8","","","","37.6","","","","","",
"Zambia","ZMB","Poverty headcount ratio at $3.20 a day (2011 PPP) (% of population)","SI.POV.LMIC","","","","","","","","","","","","","","","","","","","","","","","","","","","","","","","","69.2","","73.9","","","64.7","","65.6","","","","76.3","","75.1","","77.7","","","","79.7","","","","","74.3","","","","",
"Zimbabwe","ZWE","Poverty headcount ratio at $3.20 a day (2011 PPP) (% of population)","SI.POV.LMIC","","","","","","","","","","","","","","","","","","","","","","","","","","","","","","","","","","","","","","","","","","","","","","","","","","","","47.2","","","","","","","","",
